sampling_method,sampling_condition,reconstruction_condition,samp_perc,psnr_db_weighted,ssim_weighted,pixel_mae_weighted,grain_weighted,runtime_sec_weighted,psnr_db_original,ssim_original,pixel_mae_original,grain_original,runtime_sec_original,_merge,psnr_db_weighted_minus_original,ssim_weighted_minus_original,pixel_mae_weighted_minus_original,grain_weighted_minus_original,runtime_sec_weighted_minus_original
cs,k0,cat,0.00125,,,,,,18.047001606052643,0.9099345333837092,0.07973202615976334,0.0013450714759528637,2834.8740000724792,right_only,,,,,
cs,k0,cat,0.0025,,,,,,18.12239736979286,0.9100220008256548,0.08198183625936509,0.001509121316485107,3782.1357203006746,right_only,,,,,
cs,k0,cat,0.005,,,,,,18.645137109020517,0.9231296175934572,0.07377975955605506,0.00143420803360641,3496.699079275131,right_only,,,,,
cs,k0,cat,0.01,,,,,,19.621708457666045,0.9373946218782967,0.06262734606862068,0.0014994286466389894,1978.7837522506713,right_only,,,,,
cs,k0,daytime_beach,0.00125,17.47218132904613,0.898142866264461,0.09082338213920593,0.005025452701374888,13069.331484556198,18.572780203644598,0.92122577009407,0.07555797547101975,0.0011759215267375112,4365.192469453812,both,-1.100598874598468,-0.02308290382960898,0.015265406668186182,0.0038495311746373773,8704.139015102386
cs,k0,daytime_beach,0.0025,,,,,,19.361227296710524,0.9340791680044063,0.06742250695824623,0.0012592841405421496,5737.22381644249,right_only,,,,,
cs,k0,daytime_beach,0.005,,,,,,19.55857747815465,0.9365662650785558,0.06538176462054253,0.0012014792766422034,3596.670055246353,right_only,,,,,
cs,k0,daytime_beach,0.01,,,,,,19.427285076890435,0.9340784459658771,0.06684650257229804,0.0015782262897118926,4140.14108505249,right_only,,,,,
cs,k0,sunset_beach,0.00125,,,,,,18.306220538735506,0.9152064640469402,0.07838017642498016,0.001221373723819852,4269.069130706787,right_only,,,,,
cs,k0,sunset_beach,0.0025,,,,,,18.90282828547343,0.9264237543832075,0.07114454656839371,0.0012254943838343024,5406.911092758179,right_only,,,,,
cs,k0,sunset_beach,0.005,,,,,,18.549859038135224,0.9176022901302693,0.07925773784518242,0.0013209510594606399,4830.129044055939,right_only,,,,,
cs,k0,sunset_beach,0.01,,,,,,19.575799917700067,0.9381067705327224,0.06441246792674064,0.001685067149810493,4127.705217552185,right_only,,,,,
cs,k0,unprompted,0.00125,16.84222879938077,0.881480871197706,0.09923926740884781,0.009151418320834636,14359.173806905746,19.352297273647665,0.93335542503479,0.06905394047498703,0.0028581504244357347,8794.39743385315,both,-2.5100684742668946,-0.05187455383708395,0.03018532693386078,0.006293267896398901,5564.776373052597
cs,k0,unprompted,0.0025,17.622830282519754,0.9019604438739798,0.08873534798622132,0.011651997454464436,14280.79660487175,21.186745468344636,0.9566874400767673,0.054020927846431734,0.0036194603424519302,9963.249612236023,both,-3.5639151858248823,-0.05472699620278754,0.034714420139789585,0.008032537112012506,4317.546992635727
cs,k0,unprompted,0.005,18.308998929558086,0.9155973224458245,0.08228681087493897,0.013203311525285245,13572.967582035064,22.609269539048917,0.9691150011060019,0.04395679086446762,0.004191706469282508,13426.002468967437,both,-4.3002706094908305,-0.053517678660177426,0.03833002001047135,0.009011605056002736,146.9651130676266
cs,k0,unprompted,0.01,18.058658176288787,0.9188580287456972,0.08988543599843979,0.014884760292867819,14532.10028107961,23.629703287420213,0.9756468917992202,0.03670636564493179,0.00395310646854341,13428.35436282158,both,-5.571045111131426,-0.05678886305352293,0.053179070353507996,0.010931653824324409,1103.7459182580315
cs,k1_daytime_beach,cat,0.00125,,,,,,18.394085637190337,0.9176999535926569,0.07715741693973541,0.0013055268907919526,5168.685483980179,right_only,,,,,
cs,k1_daytime_beach,cat,0.0025,,,,,,18.988020202322254,0.9277356605640437,0.06865897551178932,0.0014920367393642664,4445.005974054337,right_only,,,,,
cs,k1_daytime_beach,cat,0.005,,,,,,18.572974256422263,0.9222432763516188,0.07609011083841324,0.001471459399908781,3204.4279037952424,right_only,,,,,
cs,k1_daytime_beach,cat,0.01,14.239437217199121,0.8324887676458406,0.15086702704429628,0.00429526106454432,7440.06158027649,18.939651857196864,0.9277384018386987,0.06607702970504761,0.0015675402712076903,4422.674478435516,both,-4.700214639997743,-0.09524963419285815,0.08478999733924866,0.00272772079333663,3017.3871018409736
cs,k1_daytime_beach,daytime_beach,0.00125,,,,,,18.698196749009135,0.9223927552797513,0.07394668012857437,0.0011242839507758617,4149.029725456237,right_only,,,,,
cs,k1_daytime_beach,daytime_beach,0.0025,,,,,,18.51541070557427,0.9186374444231532,0.07704451531171799,0.001373475999571383,3305.583327674866,right_only,,,,,
cs,k1_daytime_beach,daytime_beach,0.005,,,,,,19.28692224104073,0.9332957748114545,0.06806628778576851,0.0012338476022705435,3711.0977457523345,right_only,,,,,
cs,k1_daytime_beach,daytime_beach,0.01,15.716144192698952,0.8814159846904662,0.12327361553907394,0.003170607518404722,4269.023761558533,19.927120441761627,0.9415271758341902,0.06203423961997032,0.0016000387258827686,3804.7412411689756,both,-4.210976249062675,-0.060111191143723985,0.06123937591910362,0.0015705687925219535,464.28252038955725
cs,k1_daytime_beach,sunset_beach,0.00125,,,,,,18.817612961693555,0.9245546554508953,0.07269863933324813,0.0012138143414631487,5440.145276880265,right_only,,,,,
cs,k1_daytime_beach,sunset_beach,0.0025,,,,,,19.057963989329032,0.9300486286286336,0.07106717079877853,0.0013552425662055612,4183.5940652370455,right_only,,,,,
cs,k1_daytime_beach,sunset_beach,0.005,,,,,,19.175604159814434,0.9337023276557858,0.06911896616220474,0.001423438172787428,4048.981248188019,right_only,,,,,
cs,k1_daytime_beach,sunset_beach,0.01,14.884318401230866,0.856390776589649,0.13732970803976058,0.004322603298351169,8589.974904966355,20.894826442179443,0.9529673192034117,0.05418021753430367,0.0017500534188002348,6659.004048013687,both,-6.010508040948578,-0.0965765426137627,0.08314949050545692,0.002572549879550934,1930.9708569526683
cs,k1_daytime_beach,unprompted,0.00125,17.251105754122243,0.8917898472366126,0.09275243431329727,0.008427178021520376,14530.417346715927,19.682444977821525,0.9383364466052916,0.06547915935516357,0.0023802139330655336,5878.679101371765,both,-2.4313392236992826,-0.046546599368679,0.027273274958133698,0.006046964088454843,8651.738245344162
cs,k1_daytime_beach,unprompted,0.0025,,,,,,21.041068255964657,0.9551404165701701,0.05482790917158127,0.0034076152369379997,8629.835073184968,right_only,,,,,
cs,k1_daytime_beach,unprompted,0.005,,,,,,22.37751265476981,0.9672324002002334,0.04481903091073036,0.0037402456160634755,10940.222051000595,right_only,,,,,
cs,k1_daytime_beach,unprompted,0.01,17.65685524843692,0.9105743932124712,0.0955459013581276,0.01457431074231863,13328.227246236802,23.639654956440154,0.9757107278348771,0.036529744416475295,0.003953381208702922,13417.221080303192,both,-5.982799708003235,-0.06513633462240587,0.059016156941652305,0.010620929533615708,-88.99383406639026
cs,k2_sunset_beach,cat,0.00125,,,,,,18.43379752721799,0.9187536697294914,0.07650830298662185,0.0012910916469991208,3303.181263780594,right_only,,,,,
cs,k2_sunset_beach,cat,0.0025,,,,,,18.89007469317126,0.9268506310299067,0.0713558629155159,0.00137588691432029,5244.665964698792,right_only,,,,,
cs,k2_sunset_beach,cat,0.005,,,,,,18.784754137929752,0.9240222976167303,0.07178480103611946,0.0014139359584078193,3309.553347158432,right_only,,,,,
cs,k2_sunset_beach,cat,0.01,15.130520524514807,0.861260774805792,0.13597791343927385,0.004122323170304298,5946.564092683792,18.417162768825968,0.9183755922912147,0.07325052320957184,0.0017529205186292529,1563.3251046180726,both,-3.2866422443111603,-0.057114817485422686,0.062727390229702,0.002369402651675045,4383.238988065719
cs,k2_sunset_beach,daytime_beach,0.00125,,,,,,18.504516448364857,0.9191923917910559,0.07732844203710557,0.0011992011219263076,5145.360087823868,right_only,,,,,
cs,k2_sunset_beach,daytime_beach,0.0025,,,,,,19.037503269033618,0.9287219099667132,0.0702215626835823,0.0013136143796145916,3927.2500487327575,right_only,,,,,
cs,k2_sunset_beach,daytime_beach,0.005,,,,,,19.398961930059766,0.9350512644032613,0.06665129959583282,0.0012692077551037073,3754.0627995491027,right_only,,,,,
cs,k2_sunset_beach,daytime_beach,0.01,16.335338699174685,0.8963786311049293,0.11653579622507096,0.004864647518843412,9248.910190343857,21.19495263973912,0.9550876286696706,0.05208565667271614,0.0018090454395860434,6419.411667442322,both,-4.8596139405644365,-0.05870899756474124,0.06445013955235482,0.003055602079257369,2829.4985229015347
cs,k2_sunset_beach,sunset_beach,0.00125,,,,,,18.38942262250618,0.9180922828499849,0.07622894048690795,0.0012190068373456597,4060.689034461975,right_only,,,,,
cs,k2_sunset_beach,sunset_beach,0.0025,,,,,,18.68089295505183,0.9236834979191526,0.07431590110063553,0.0013216029154136776,4071.997984600067,right_only,,,,,
cs,k2_sunset_beach,sunset_beach,0.005,,,,,,19.5558974893978,0.9367811581882555,0.06581983864307403,0.0012504944344982505,4768.654692029953,right_only,,,,,
cs,k2_sunset_beach,sunset_beach,0.01,14.746098509118905,0.8452036569506671,0.14336838722229003,0.004310593055561185,6603.730660295487,20.60959723441487,0.9500636233416117,0.05547969415783882,0.0017750550992786883,5806.730560588837,both,-5.863498725295965,-0.10485996639094453,0.08788869306445121,0.0025355379562824964,797.00009970665
cs,k2_sunset_beach,unprompted,0.00125,16.887355706982426,0.882059386710274,0.09786512143909931,0.008709959569387138,12196.644562482834,19.655825848533986,0.9381444997613396,0.06543315798044205,0.002934667561203241,8122.024288034439,both,-2.7684701415515605,-0.05608511305106567,0.03243196345865726,0.005775292008183897,4074.6202744483944
cs,k2_sunset_beach,unprompted,0.0025,,,,,,21.121413735254777,0.9561294223709865,0.053839247673749924,0.0035920234862715007,9189.598324012757,right_only,,,,,
cs,k2_sunset_beach,unprompted,0.005,,,,,,22.522217214260415,0.9684521998678376,0.043956977874040605,0.004053848097100854,11704.55937256813,right_only,,,,,
cs,k2_sunset_beach,unprompted,0.01,17.796494125233295,0.913541280006986,0.0938033014535904,0.01465002615004778,13359.98260178566,23.615540035836155,0.9755881037896279,0.03660133257508278,0.004264690820127726,13414.98356757164,both,-5.81904591060286,-0.062046823782641924,0.05720196887850761,0.010385335329920054,-55.00096578598095
cs,k4_cat,cat,0.00125,,,,,,18.44418283630247,0.9183384389449408,0.07664238214492798,0.0012572478270158171,811.1884122371673,right_only,,,,,
cs,k4_cat,cat,0.0025,,,,,,18.91182017252139,0.9265943940858345,0.07063406258821488,0.0014069949509575963,4483.478510570526,right_only,,,,,
cs,k4_cat,cat,0.005,,,,,,18.75783141298241,0.9251517459718442,0.06711077094078063,0.0013145130127668382,4030.29368596077,right_only,,,,,
cs,k4_cat,cat,0.01,14.960164191521173,0.8585765113385309,0.13442110270261765,0.004701467929407954,6594.504596233368,18.34451277058868,0.9162603838534652,0.0735293947160244,0.0015644977102056146,2211.695890569687,both,-3.384348579067506,-0.05768387251493434,0.06089170798659324,0.0031369702192023396,4382.808705663681
cs,k4_cat,daytime_beach,0.00125,17.908291584355055,0.9067199205123453,0.08644304797053337,0.004192932916339487,10305.969580829144,18.638734222679297,0.9222539253646902,0.07444549202919007,0.0011881631799042225,4252.160394477844,both,-0.7304426383242415,-0.015534004852344907,0.011997555941343302,0.0030047697364352643,6053.809186351299
cs,k4_cat,daytime_beach,0.0025,,,,,,19.107009721770837,0.9293727109903284,0.07013698145747185,0.001281194796320051,3613.0835670948027,right_only,,,,,
cs,k4_cat,daytime_beach,0.005,,,,,,19.743815890019242,0.9399915200693055,0.06318936645984649,0.0012604564428329468,3758.403287935257,right_only,,,,,
cs,k4_cat,daytime_beach,0.01,17.02886256087856,0.9090429685488196,0.10562289208173752,0.0040849083568900825,5039.708528709411,20.570138419910315,0.9501921346395596,0.055873052775859834,0.0016785121522843837,4472.2698798656465,both,-3.541275859031753,-0.04114916609074004,0.04974983930587768,0.0024063962046056986,567.4386488437649
cs,k4_cat,sunset_beach,0.00125,,,,,,17.41500020222515,0.8799684372550548,0.09616574496030808,0.0011978611815720796,5410.814283800125,right_only,,,,,
cs,k4_cat,sunset_beach,0.0025,,,,,,18.623074287488617,0.9118175286522415,0.07784376367926597,0.0013200979446992278,6219.936343860626,right_only,,,,,
cs,k4_cat,sunset_beach,0.005,,,,,,19.045440694921503,0.9304790519556084,0.0687486857175827,0.00132276164367795,4369.470395994186,right_only,,,,,
cs,k4_cat,sunset_beach,0.01,16.115360857949167,0.890404776725037,0.11979836225509644,0.004177096160128712,7345.396578359604,20.66539585333899,0.9507467842517505,0.05565987825393677,0.0016855583526194096,5473.117690563202,both,-4.550034995389822,-0.06034200752671348,0.06413848400115967,0.0024915378075093027,1872.2788877964022
cs,k4_cat,unprompted,0.00125,17.32782465666388,0.8935511880146351,0.0938052475452423,0.008576831873506307,11735.036865329743,19.691653681734373,0.9385037483722887,0.06491481512784958,0.002440526382997632,8243.405149936676,both,-2.363829025070494,-0.044952560357653604,0.028890432417392725,0.006136305490508675,3491.6317153930668
cs,k4_cat,unprompted,0.0025,17.913210383327414,0.907682631096343,0.08553353250026703,0.011194612830877304,14123.304723024368,20.86105111317019,0.9529704767520037,0.05570343062281609,0.002954959962517023,8329.620664024353,both,-2.9478407298427776,-0.0452878456556608,0.029830101877450943,0.008239652868360281,5793.684059000016
cs,k4_cat,unprompted,0.005,18.359802428924457,0.9171945728801386,0.08037871867418289,0.012892860360443592,12594.669241809845,22.577984762143057,0.968867103093964,0.04338005632162094,0.003988478984683752,11872.545969676972,both,-4.2181823332186,-0.05167253021382534,0.03699866235256195,0.00890438137575984,722.1232721328724
cs,k4_cat,unprompted,0.01,17.864021876567833,0.9151797275696314,0.09244135469198227,0.014200994558632375,11857.400299835204,23.678546571945763,0.9759300937465403,0.03622142523527146,0.003912566509097814,13413.878191709518,both,-5.81452469537793,-0.060750366176908877,0.05621992945671081,0.01028842804953456,-1556.477891874314
mcs,mcs,cat,0.00125,11.29075477752438,0.51812555317059,0.20829269886016846,0.0031254808884114025,3428.761806440353,,,,,,left_only,,,,,
mcs,mcs,cat,0.0025,10.471082248033898,0.43770740784788204,0.22837343513965608,0.0040796204470098015,3543.440631341934,,,,,,left_only,,,,,
mcs,mcs,cat,0.005,10.495166424739597,0.469617311683059,0.2290022552013397,0.0038612417876720427,4716.195137929916,,,,,,left_only,,,,,
mcs,mcs,cat,0.01,10.178869427426624,0.44458170186081175,0.2476878881454468,0.004559508012607694,4968.512307214737,,,,,,left_only,,,,,
mcs,mcs,daytime_beach,0.00125,10.44087794454132,0.48252232649927207,0.21116971969604492,0.004685821011662483,2046.576016664505,,,,,,left_only,,,,,
mcs,mcs,daytime_beach,0.01,10.424085376992064,0.47094438333291533,0.24331108927726747,0.004523234162479639,3937.9493185997007,,,,,,left_only,,,,,
mcs,mcs,sunset_beach,0.00125,10.072346391325224,0.5108397128653589,0.2153543084859848,0.003308356972411275,3808.5146260261536,,,,,,left_only,,,,,
mcs,mcs,sunset_beach,0.01,13.181558708549163,0.6776085922333686,0.16869322955608368,0.0029669804498553276,4577.553278684616,,,,,,left_only,,,,,
mcs,mcs,unprompted,0.00125,11.88358205740652,0.5585501140520457,0.20144736170768737,0.0037435687147080897,5675.700968647003,,,,,,left_only,,,,,
mcs,mcs,unprompted,0.0025,10.425381839989601,0.44233197162146043,0.24166008234024047,0.004385539656504988,6635.64369559288,,,,,,left_only,,,,,
mcs,mcs,unprompted,0.005,10.969955597217279,0.5009923768433644,0.2216656744480133,0.006291718455031514,3806.8276353359224,,,,,,left_only,,,,,
mcs,mcs,unprompted,0.01,10.543325384852192,0.4728151083360781,0.24054769277572632,0.0052974031306803225,12785.963052082061,,,,,,left_only,,,,,
